﻿[
    {
        "Time":  "2025-08-22T22:29:42",
        "App":  "",
        "Type":  "Info",
        "Action":  "Headless",
        "DryRun":  true,
        "Result":  "",
        "Message":  "Headless start - Mode: Dry-Run, Limit: 2"
    },
    {
        "Time":  "2025-08-22T22:29:42",
        "App":  "",
        "Type":  "Info",
        "Action":  "Discover",
        "DryRun":  true,
        "Result":  "Failed",
        "Message":  "Warning: Get-AppxPackage failed: Access is denied.\r\n\r\nAccess is denied.\r\n"
    },
    {
        "Time":  "2025-08-22T22:29:42",
        "App":  "",
        "Type":  "Info",
        "Action":  "Discover",
        "DryRun":  true,
        "Result":  "Failed",
        "Message":  "Warning: Get-AppxProvisionedPackage failed: The requested operation requires elevation.\r\n"
    }
]
