﻿[
    {
        "Time":  "2025-08-22T22:34:55",
        "App":  "",
        "Type":  "Info",
        "Action":  "Init",
        "DryRun":  true,
        "Result":  "",
        "Message":  "App Surgeon initialized."
    },
    {
        "Time":  "2025-08-22T22:35:28",
        "App":  "Microsoft.XboxGamingOverlay",
        "Type":  "Provisioned",
        "Action":  "Remove",
        "DryRun":  true,
        "Result":  "Success",
        "Message":  "Dry-run: would deprovision Microsoft.XboxGamingOverlay"
    },
    {
        "Time":  "2025-08-22T22:35:28",
        "App":  "Microsoft.XboxGamingOverlay",
        "Type":  "Provisioned",
        "Action":  "Remove",
        "DryRun":  true,
        "Result":  "Success",
        "Message":  "Dry-run: deprovision Microsoft.XboxGamingOverlay - Success"
    }
]
