﻿[
    {
        "Time":  "2025-08-23T00:14:45",
        "App":  "MSTeams",
        "Type":  "Provisioned",
        "Action":  "Remove",
        "DryRun":  false,
        "Result":  "Success",
        "Message":  "Real: deprovisioned MSTeams"
    },
    {
        "Time":  "2025-08-23T00:15:19",
        "App":  "MicrosoftTeams",
        "Type":  "Provisioned",
        "Action":  "Remove",
        "DryRun":  false,
        "Result":  "Success",
        "Message":  "Real: deprovisioned MicrosoftTeams"
    }
]
