﻿[
    {
        "Time":  "2025-08-23T00:21:26",
        "App":  "",
        "Type":  "Info",
        "Action":  "Init",
        "DryRun":  true,
        "Result":  "",
        "Message":  "App Surgeon initialized."
    },
    {
        "Time":  "2025-08-23T00:22:07",
        "App":  "MicrosoftTeams",
        "Type":  "Installed",
        "Action":  "Remove",
        "DryRun":  false,
        "Result":  "Success",
        "Message":  "Real: removed installed MicrosoftTeams"
    },
    {
        "Time":  "2025-08-23T00:22:07",
        "App":  "MicrosoftTeams",
        "Type":  "Installed",
        "Action":  "Remove",
        "DryRun":  false,
        "Result":  "Success",
        "Message":  "Real: remove MicrosoftTeams - Success"
    },
    {
        "Time":  "2025-08-23T00:22:09",
        "App":  "",
        "Type":  "Info",
        "Action":  "SaveLogs",
        "DryRun":  false,
        "Result":  "Success",
        "Message":  "Saved logs to: C:\\Users\\dflaj\\OneDrive\\Desktop\\projects\\Windows 10 auto app removal robust\\src\\AppSurgeon\\Logs\\AppSurgeon_20250823_002209.txt, C:\\Users\\dflaj\\OneDrive\\Desktop\\projects\\Windows 10 auto app removal robust\\src\\AppSurgeon\\Logs\\AppSurgeon_20250823_002209.json"
    },
    {
        "Time":  "2025-08-23T00:22:20",
        "App":  "MSTeams",
        "Type":  "Installed",
        "Action":  "Remove",
        "DryRun":  false,
        "Result":  "Success",
        "Message":  "Real: removed installed MSTeams"
    },
    {
        "Time":  "2025-08-23T00:22:20",
        "App":  "MSTeams",
        "Type":  "Installed",
        "Action":  "Remove",
        "DryRun":  false,
        "Result":  "Success",
        "Message":  "Real: remove MSTeams - Success"
    }
]
