﻿[
    {
        "Time":  "2025-08-23T00:21:26",
        "App":  "",
        "Type":  "Info",
        "Action":  "Init",
        "DryRun":  true,
        "Result":  "",
        "Message":  "App Surgeon initialized."
    },
    {
        "Time":  "2025-08-23T00:22:07",
        "App":  "MicrosoftTeams",
        "Type":  "Installed",
        "Action":  "Remove",
        "DryRun":  false,
        "Result":  "Success",
        "Message":  "Real: removed installed MicrosoftTeams"
    },
    {
        "Time":  "2025-08-23T00:22:07",
        "App":  "MicrosoftTeams",
        "Type":  "Installed",
        "Action":  "Remove",
        "DryRun":  false,
        "Result":  "Success",
        "Message":  "Real: remove MicrosoftTeams - Success"
    }
]
